<metadata filename="ocm2_ndvi_feb01to152021_v02_01">
<author>National Remote Sensing Centre,ISRO</author>
<author_URL>https://bhuvan-app3.nrsc.gov.in/data/download/index.php</author_URL>
<Data_Identification_Information>
<Name_of_the_Dataset>ocm2_ndvi_feb01to152021_v02_01</Name_of_the_Dataset>
<Keywords>OCM2,VF,NDVI,1080m,India,ISRO,NRSC,Precision</Keywords>
<Access_Constraints xml:space="preserve"> Registered Users </Access_Constraints>
<Use_Constraints xml:space="preserve"> As per NRSC Data Dissemination Policy</Use_Constraints>
<Purpose_of_creating_data xml:space="preserve">NDVI and VF Calculation from OCM2</Purpose_of_creating_data>
<Edition>First</Edition>
<Status>Completed</Status>
</Data_Identification_Information>
<Contact_Information>
<Contact_Person xml:space="preserve"> Group Director,G and SP </Contact_Person>
<Organisation xml:space="preserve"> National Remote Sensing Centre</Organisation>
<Mailing_Address>Balanagar</Mailing_Address>
<City>Hyderabad</City>
<Country>India</Country>
<Contact_Telephone>04023884447/48</Contact_Telephone>
<Contact_Fax>04023884346</Contact_Fax>
<Contact_Email>gdgsp@nrsc.gov.in</Contact_Email>
</Contact_Information>
<Geographic_Location>
<Spheroid_Datum> GCS, WGS-1984</Spheroid_Datum>
</Geographic_Location>
<Coverage>
<Upper_left>X = 66 E, Y = 40 N</Upper_left>
<Upper_right>X = 102 E, Y = 40 N</Upper_right>
<Lower_right>X = 102 E, Y = 4 N</Lower_right>
<Lower_left>X = 66 E, Y = 4 N</Lower_left>
</Coverage>
<Citation>
<Data_Prepared_by>NRSC</Data_Prepared_by>
<Original_Source xml:space="preserve">Oceansat-2 OCM L1C Georeferenced Data</Original_Source>
<Lineage>
<File_Name>ocm2_ndvi_feb01to152021_v02_01</File_Name>
<Resolution xml:space="preserve">0.01017 Deg</Resolution>
<File_Format>Geotiff</File_Format>
</Lineage>
</Citation>
<Metadata_Stamp>
<Metadata_Date_Stamp>2021-02-18</Metadata_Date_Stamp>
</Metadata_Stamp>
<Dataset_Topic_Category>
<Data_Identification_topic_category xml:space="preserve">Ortho Rectified Data</Data_Identification_topic_category>
</Dataset_Topic_Category>
<Language>
<language>English</language>
</Language>
<Abstract_describing_the_data>
<Data_Identification_Abstract xml:space="preserve"> This data is received from Oceansat-2 OCM which operates in eight spectral bands in VNIR bands with 360 metre spatial resolution and a swath of 1420 km.</Data_Identification_Abstract>
</Abstract_describing_the_data>
<For_Image_Data>
<Name_of_the_Satellite>Oceansat-2</Name_of_the_Satellite>
<Sensor>OCM</Sensor>
<Path>09, 10, 11</Path>
<Row>12, 13, 14</Row>
<Image_Acquired_From>Oceansat-2</Image_Acquired_From>
<Date_of_Pass>08-FEB-2021</Date_of_Pass>
<File_Format>Geotiff</File_Format>
<Spatial_Resolution xml:space="preserve">0.01017</Spatial_Resolution>
<Spatial_Resolution_Unit>Deg</Spatial_Resolution_Unit>
<Number_of_Bands>1</Number_of_Bands>
</For_Image_Data>
</metadata>